{
  "comment-priorities": {
    "0": 49,
    "1": 49,
    "2": 49,
    "3": 49
  },
  "user-vote-counts": {
    "0": 3,
    "1": 3,
    "11": 3,
    "12": 3,
    "13": 3,
    "27": 3,
    "33": 3,
    "34": 2,
    "35": 3,
    "36": 3,
    "37": 3,
    "38": 4
  },
  "meta-tids": [],
  "pca": {
    "center": [-0.583333333333333, 0.0909090909090909, 0.0833333333333333, -1],
    "comps": [
      [0.0351763742064263, 0.5767809499042, 0.816141138851178, 0],
      [0.724759131574758, -0.577008470205583, 0.376544056532586, 0]
    ],
    "comment-projection": [
      [-0.0293136451720219, -1.25843116342734, -1.76830580084422, 0],
      [-0.603965942978965, 1.25892757135764, -0.815845455820603, 0]
    ],
    "comment-extremity": [0.604676897253188, 1.78004146665451, 1.94743657485486, 0]
  },
  "group-clusters": [
    {
      "id": 0,
      "members": [0, 2, 5, 7],
      "center": [-1.03228263216665, -0.321200767976808]
    },
    {
      "id": 1,
      "members": [1, 3, 6, 8, 9, 10],
      "center": [0.996276160322004, 0.319193538773317]
    }
  ],
  "n": 12,
  "consensus": {
    "agree": [
      {
        "tid": 0,
        "n-success": 9,
        "n-trials": 12,
        "p-success": 0.714285714285714,
        "p-test": 1.9414506867883
      },
      {
        "tid": 3,
        "n-success": 1,
        "n-trials": 1,
        "p-success": 0.666666666666667,
        "p-test": 1.4142135623731
      }
    ],
    "disagree": []
  },
  "n-cmts": 4,
  "repness": {
    "0": [
      {
        "tid": 2,
        "n-agree": 5,
        "p-test": 1.88982236504614,
        "repness-test": 2.6726124,
        "n-success": 5,
        "repful-for": "agree",
        "n-trials": 6,
        "repness": 6,
        "best-agree": true,
        "p-success": 0.75
      }
    ],
    "1": [
      {
        "tid": 3,
        "n-agree": 1,
        "p-test": 1.4142135623731,
        "repness-test": 0,
        "n-success": 1,
        "repful-for": "agree",
        "n-trials": 1,
        "repness": 1.33333333333333,
        "best-agree": true,
        "p-success": 0.666666666666667
      },
      {
        "tid": 2,
        "n-success": 6,
        "n-trials": 6,
        "p-success": 0.875,
        "p-test": 2.64575131106459,
        "repness": 7,
        "repness-test": 3.2403703,
        "repful-for": "disagree"
      }
    ]
  },
  "group-aware-consensus": {
    "0": 0.46875,
    "1": 0.142857142857143,
    "2": 0.09375,
    "3": 0.333333333333333
  },
  "mod-in": [0, 1, 2],
  "votes-base": {
    "0": {
      "A": [2, 1, 2, 1, 1, 0, 0, 0, 1, 1],
      "D": [0, 0, 0, 0, 0, 0, 1, 1, 0, 0],
      "S": [2, 1, 2, 1, 1, 1, 1, 1, 1, 1]
    },
    "1": {
      "A": [2, 0, 0, 1, 0, 0, 1, 0, 0, 0],
      "D": [0, 0, 2, 0, 0, 0, 0, 1, 1, 1],
      "S": [2, 1, 2, 1, 0, 1, 1, 1, 1, 1]
    },
    "2": {
      "A": [2, 0, 2, 0, 0, 0, 1, 0, 0, 0],
      "D": [0, 1, 0, 1, 0, 1, 0, 1, 1, 1],
      "S": [2, 1, 2, 1, 1, 1, 1, 1, 1, 1]
    },
    "3": {
      "A": [0, 0, 0, 0, 0, 0, 0, 0, 1, 0],
      "D": [0, 0, 0, 0, 0, 0, 0, 0, 0, 0],
      "S": [0, 0, 0, 0, 0, 0, 0, 0, 1, 0]
    }
  },
  "base-clusters": {
    "id": [0, 1, 2, 3, 5, 6, 7, 8, 9, 10],
    "members": [
      [0, 33],
      [1],
      [11, 27],
      [12],
      [34],
      [35],
      [36],
      [37],
      [38],
      [13]
    ],
    "x": [-1.76441164201937, 0.786394856211723, -0.432393095256824, 0.120385582830448, -0.11691103289693, 0.827013034446114, -1.68317528555059, 1.53364048606178, 1.25781887278896, 1.452404129593],
    "y": [-0.0928863210818567, 0.110432937325736, -1.42543030347341, 0.776704928521512, -0.471444556517768, 0.947312696750388, 1.58087319776745, 1.11792046497927, -0.481370741066961, -0.555839053870039],
    "count": [2, 1, 2, 1, 1, 1, 1, 1, 1, 1]
  },
  "mod-out": [],
  "group-votes": {
    "0": {
      "n-members": 6,
      "votes": {
        "0": {
          "A": 5,
          "D": 1,
          "S": 6
        },
        "1": {
          "A": 3,
          "D": 2,
          "S": 5
        },
        "2": {
          "A": 5,
          "D": 0,
          "S": 6
        },
        "3": {
          "A": 0,
          "D": 0,
          "S": 0
        }
      },
      "id": 0
    },
    "1": {
      "n-members": 6,
      "votes": {
        "0": {
          "A": 4,
          "D": 1,
          "S": 6
        },
        "1": {
          "A": 1,
          "D": 3,
          "S": 6
        },
        "2": {
          "A": 0,
          "D": 6,
          "S": 6
        },
        "3": {
          "A": 1,
          "D": 0,
          "S": 1
        }
      },
      "id": 1
    }
  },
  "lastModTimestamp": null,
  "in-conv": [0, 27, 1, 33, 13, 36, 34, 12, 35, 11, 38, 37],
  "tids": [0, 1, 2, 3],
  "lastVoteTimestamp": 1746910750466,
  "math_tick": 528
}
