{
  "comment-priorities": {
    "0": 49,
    "1": 49,
    "2": 49,
    "3": 49
  },
  "user-vote-counts": {
    "0": 3,
    "1": 3,
    "11": 3,
    "12": 3,
    "13": 3,
    "27": 3,
    "33": 3,
    "34": 2,
    "35": 3,
    "36": 3,
    "37": 3,
    "38": 4
  },
  "meta-tids": [],
  "pca": {
    "center": [
      -0.5833333333333333,
      0.0909090909090909,
      0.08333333333333333,
      -1
    ],
    "comps": [
      [
        0.035176374206426254,
        0.5767809499041996,
        0.8161411388511784,
        0
      ],
      [
        0.7247591315747581,
        -0.5770084702055831,
        0.3765440565325858,
        0
      ]
    ],
    "comment-projection": [
      [
        -0.029313645172021886,
        -1.2584311634273444,
        -1.7683058008442198,
        0
      ],
      [
        -0.6039659429789652,
        1.2589275713576358,
        -0.8158454558206025,
        0
      ]
    ],
    "comment-extremity": [
      0.6046768972531875,
      1.7800414666545088,
      1.9474365748548639,
      0
    ]
  },
  "group-clusters": [
    {
      "id": 0,
      "members": [
        0,
        2,
        5,
        7
      ],
      "center": [
        -1.0322826321666534,
        -0.321200767976808
      ]
    },
    {
      "id": 1,
      "members": [
        1,
        3,
        6,
        8,
        9,
        10
      ],
      "center": [
        0.9962761603220042,
        0.3191935387733172
      ]
    }
  ],
  "n": 12,
  "consensus": {
    "agree": [
      {
        "tid": 0,
        "n-success": 9,
        "n-trials": 12,
        "p-success": 0.7142857142857143,
        "p-test": 1.9414506867883012
      },
      {
        "tid": 3,
        "n-success": 1,
        "n-trials": 1,
        "p-success": 0.6666666666666667,
        "p-test": 1.4142135623730951
      }
    ],
    "disagree": []
  },
  "n-cmts": 4,
  "repness": {
    "0": [
      {
        "tid": 2,
        "n-agree": 5,
        "p-test": 1.8898223650461359,
        "repness-test": 2.6726124,
        "n-success": 5,
        "repful-for": "agree",
        "n-trials": 6,
        "repness": 6,
        "best-agree": true,
        "p-success": 0.75
      }
    ],
    "1": [
      {
        "tid": 3,
        "n-agree": 1,
        "p-test": 1.4142135623730951,
        "repness-test": 0,
        "n-success": 1,
        "repful-for": "agree",
        "n-trials": 1,
        "repness": 1.333333333333333,
        "best-agree": true,
        "p-success": 0.6666666666666667
      },
      {
        "tid": 2,
        "n-success": 6,
        "n-trials": 6,
        "p-success": 0.875,
        "p-test": 2.6457513110645907,
        "repness": 7,
        "repness-test": 3.2403703,
        "repful-for": "disagree"
      }
    ]
  },
  "group-aware-consensus": {
    "0": 0.46875,
    "1": 0.14285714285714285,
    "2": 0.09375,
    "3": 0.3333333333333333
  },
  "mod-in": [
    0,
    1,
    2
  ],
  "votes-base": {
    "0": {
      "A": [
        2,
        1,
        2,
        1,
        1,
        0,
        0,
        0,
        1,
        1
      ],
      "D": [
        0,
        0,
        0,
        0,
        0,
        0,
        1,
        1,
        0,
        0
      ],
      "S": [
        2,
        1,
        2,
        1,
        1,
        1,
        1,
        1,
        1,
        1
      ]
    },
    "1": {
      "A": [
        2,
        0,
        0,
        1,
        0,
        0,
        1,
        0,
        0,
        0
      ],
      "D": [
        0,
        0,
        2,
        0,
        0,
        0,
        0,
        1,
        1,
        1
      ],
      "S": [
        2,
        1,
        2,
        1,
        0,
        1,
        1,
        1,
        1,
        1
      ]
    },
    "2": {
      "A": [
        2,
        0,
        2,
        0,
        0,
        0,
        1,
        0,
        0,
        0
      ],
      "D": [
        0,
        1,
        0,
        1,
        0,
        1,
        0,
        1,
        1,
        1
      ],
      "S": [
        2,
        1,
        2,
        1,
        1,
        1,
        1,
        1,
        1,
        1
      ]
    },
    "3": {
      "A": [
        0,
        0,
        0,
        0,
        0,
        0,
        0,
        0,
        1,
        0
      ],
      "D": [
        0,
        0,
        0,
        0,
        0,
        0,
        0,
        0,
        0,
        0
      ],
      "S": [
        0,
        0,
        0,
        0,
        0,
        0,
        0,
        0,
        1,
        0
      ]
    }
  },
  "base-clusters": {
    "id": [
      0,
      1,
      2,
      3,
      5,
      6,
      7,
      8,
      9,
      10
    ],
    "members": [
      [
        0,
        33
      ],
      [
        1
      ],
      [
        11,
        27
      ],
      [
        12
      ],
      [
        34
      ],
      [
        35
      ],
      [
        36
      ],
      [
        37
      ],
      [
        38
      ],
      [
        13
      ]
    ],
    "x": [
      -1.7644116420193743,
      0.7863948562117233,
      -0.43239309525682373,
      0.12038558283044797,
      -0.11691103289692964,
      0.8270130344461136,
      -1.6831752855505935,
      1.5336404860617794,
      1.2578188727889628,
      1.4524041295929986
    ],
    "y": [
      -0.09288632108185672,
      0.11043293732573646,
      -1.4254303034734068,
      0.7767049285215116,
      -0.47144455651776773,
      0.9473126967503884,
      1.5808731977674473,
      1.1179204649792653,
      -0.4813707410669605,
      -0.5558390538700385
    ],
    "count": [
      2,
      1,
      2,
      1,
      1,
      1,
      1,
      1,
      1,
      1
    ]
  },
  "mod-out": [],
  "group-votes": {
    "0": {
      "n-members": 6,
      "votes": {
        "0": {
          "A": 5,
          "D": 1,
          "S": 6
        },
        "1": {
          "A": 3,
          "D": 2,
          "S": 5
        },
        "2": {
          "A": 5,
          "D": 0,
          "S": 6
        },
        "3": {
          "A": 0,
          "D": 0,
          "S": 0
        }
      },
      "id": 0
    },
    "1": {
      "n-members": 6,
      "votes": {
        "0": {
          "A": 4,
          "D": 1,
          "S": 6
        },
        "1": {
          "A": 1,
          "D": 3,
          "S": 6
        },
        "2": {
          "A": 0,
          "D": 6,
          "S": 6
        },
        "3": {
          "A": 1,
          "D": 0,
          "S": 1
        }
      },
      "id": 1
    }
  },
  "lastModTimestamp": null,
  "in-conv": [
    0,
    27,
    1,
    33,
    13,
    36,
    34,
    12,
    35,
    11,
    38,
    37
  ],
  "tids": [
    0,
    1,
    2,
    3
  ],
  "lastVoteTimestamp": 1746910750466,
  "math_tick": 528
}